id,uid,date,devicename
1,9,2022-3-14 14:24:36,Flashdrive
2,10,2022-2-24 16:41:23,CD
3,14,2022-3-9 18:53:37,UltraSSD 1TB
4,16,2022-1-7 9:7:47,SD Card
5,24,2022-2-24 16:48:10,SD Card
6,29,2022-3-17 5:12:50,CD
7,36,2022-2-16 17:48:47,Flashdrive
8,47,2022-2-25 11:11:31,iPhone 13 Pro Max
9,58,2022-2-24 8:8:0,iPhone X
10,61,2022-3-12 11:36:31,UltraSSD 1TB
11,70,2022-3-28 16:53:51,Flashdrive
12,98,2022-2-9 23:47:10,UltraSSD 1TB
13,99,2022-1-12 15:57:53,CD
14,102,2022-2-26 4:12:42,SD Card
15,115,2022-1-15 3:15:13,SD Card
16,118,2022-2-9 7:10:53,iPhone 13 Pro Max
17,139,2022-1-17 4:12:27,iPhone X
18,153,2022-2-3 10:17:12,Flashdrive
19,155,2022-2-15 20:5:15,SD Card
20,161,2022-1-14 14:15:12,Flashdrive
21,179,2022-1-1 20:42:46,UltraSSD 1TB
22,219,2022-1-27 7:32:28,CD
23,221,2022-1-12 0:51:18,SD Card
24,233,2022-1-10 2:23:56,iPhone X
25,249,2022-1-17 2:42:7,Flashdrive
26,255,2022-1-27 8:58:19,iPhone X
27,258,2022-3-24 11:17:4,Flashdrive
28,276,2022-1-8 15:57:32,CD
29,282,2022-1-27 16:22:53,UltraSSD 1TB
30,287,2022-2-22 20:43:0,iPhone 13 Pro Max
31,290,2022-3-20 0:36:40,iPhone X
32,297,2022-1-18 21:16:17,iPhone X
33,326,2022-2-5 13:58:40,iPhone 13 Pro Max
34,338,2022-3-14 6:0:4,UltraSSD 1TB
35,343,2022-1-28 12:15:19,UltraSSD 1TB
36,352,2022-3-20 1:28:41,UltraSSD 1TB
37,355,2022-1-5 23:14:21,UltraSSD 1TB
38,365,2022-1-11 6:37:43,Flashdrive
39,372,2022-3-23 4:48:7,iPhone 13 Pro Max
40,386,2022-3-22 12:12:1,SD Card
41,396,2022-1-19 5:49:31,CD
42,399,2022-3-25 9:15:39,CD
43,402,2022-1-9 11:40:56,SD Card
44,415,2022-3-15 12:7:21,CD
45,415,2022-2-28 15:19:35,UltraSSD 1TB
46,416,2022-3-7 15:43:52,Flashdrive
47,416,2022-3-17 5:12:26,iPhone X
48,427,2022-3-20 18:29:30,iPhone 13 Pro Max
49,432,2022-1-16 7:3:19,SD Card
50,461,2022-1-3 0:8:10,UltraSSD 1TB
51,485,2022-3-6 0:54:58,iPhone 13 Pro Max
52,486,2022-1-25 13:34:59,SD Card
53,489,2022-2-25 13:17:34,Flashdrive
54,503,2022-1-18 3:35:13,iPhone X
55,505,2022-3-24 19:30:12,Flashdrive
56,505,2022-1-22 14:16:19,iPhone 13 Pro Max
57,509,2022-2-16 3:7:38,CD
58,519,2022-3-22 4:19:54,iPhone X
59,529,2022-1-4 10:38:17,iPhone 13 Pro Max
60,535,2022-3-13 16:26:13,iPhone X
61,541,2022-3-24 21:1:3,iPhone 13 Pro Max
62,541,2022-2-28 2:23:22,UltraSSD 1TB
63,543,2022-2-5 8:4:25,iPhone 13 Pro Max
64,547,2022-3-11 18:35:42,SD Card
65,557,2022-2-1 7:14:16,Flashdrive
66,580,2022-3-11 6:32:43,SD Card
67,582,2022-2-4 15:2:40,SD Card
68,590,2022-2-14 18:17:38,iPhone X
69,590,2022-3-23 6:39:36,CD
70,597,2022-1-10 14:2:42,SD Card
71,611,2022-1-13 9:8:58,iPhone 13 Pro Max
72,624,2022-1-8 20:10:18,UltraSSD 1TB
73,628,2022-3-13 5:29:11,iPhone 13 Pro Max
74,643,2022-2-23 5:47:39,SD Card
75,643,2022-3-15 15:34:1,CD
76,651,2022-3-10 22:37:30,SD Card
77,663,2022-3-27 22:15:31,SD Card
78,664,2022-1-6 8:30:11,Flashdrive
79,670,2022-3-12 12:25:52,CD
80,671,2022-1-10 14:57:8,Flashdrive
81,673,2022-1-6 14:35:31,SD Card
82,688,2022-1-7 21:44:26,iPhone 13 Pro Max
83,695,2022-2-14 20:9:20,iPhone 13 Pro Max
84,700,2022-1-17 0:58:19,Flashdrive
85,709,2022-1-22 11:27:45,iPhone X
86,727,2022-2-24 5:30:8,UltraSSD 1TB
87,728,2022-1-27 0:49:14,UltraSSD 1TB
88,741,2022-2-14 15:13:46,iPhone X
89,753,2022-3-9 2:22:34,CD
90,754,2022-1-4 9:54:25,Flashdrive
91,782,2022-2-13 0:49:18,UltraSSD 1TB
92,784,2022-3-12 15:18:47,iPhone X
93,795,2022-3-25 6:14:13,iPhone X
94,817,2022-1-23 21:2:6,CD
95,820,2022-3-24 10:17:57,CD
96,832,2022-1-21 21:45:8,Flashdrive
97,837,2022-2-23 14:22:12,UltraSSD 1TB
98,837,2022-2-6 16:39:48,CD
99,838,2022-3-20 13:50:15,CD
100,839,2022-2-17 8:40:55,iPhone 13 Pro Max
101,849,2022-1-14 19:21:6,iPhone 13 Pro Max
102,852,2022-2-22 13:1:46,Flashdrive
103,860,2022-1-4 17:32:1,UltraSSD 1TB
104,862,2022-2-3 14:46:12,SD Card
105,865,2022-1-16 3:7:58,iPhone X
106,876,2022-1-15 22:54:33,iPhone X
107,882,2022-2-1 20:53:13,iPhone X
108,889,2022-1-23 22:30:26,iPhone 13 Pro Max
